{
    "course/course": {
        "advanced_modules": [
            "word_cloud",
            "lti_consumer",
            "split_test",
            "library_content",
            "recommender",
            "poll",
            "survey",
            "ubcpi",
            "drag-and-drop-v2",
            "done"
        ],
        "allow_anonymous": false,
        "allow_anonymous_to_peers": true,
        "course_image": "Grid Logo binary.jpg",
        "days_early_for_beta": 10000.0,
        "discussion_topics": {
            "+General": {
                "id": "course"
            }
        },
        "display_name": "QMBio",
        "edxnotes": true,
        "enable_subsection_gating": true,
        "end": "2018-12-16T23:55:00Z",
        "graceperiod": "36000 seconds",
        "highlights_enabled_for_messaging": true,
        "instructor_info": {
            "instructors": []
        },
        "language": "en",
        "learning_info": [],
        "lti_passports": [
            "dalite:edx.org:qojm8arl036teqvzchgix2r4paz8i1l0j4zqa9vb2rhpsfi798",
            "matlab:f339efdc-60b5-4793-a70c-d87d8b94d268:0537b305-a380-48a1-9f56-54a00d6b512e",
            "bridge:b7590aabcd0c581ef0c3:96369a9b98d58bbdbdc6"
        ],
        "minimum_grade_credit": 0.8,
        "mobile_available": true,
        "rerandomize": "onreset",
        "self_paced": true,
        "show_calculator": true,
        "show_reset_button": true,
        "start": "2018-05-10T12:00:00Z",
        "tabs": [
            {
                "course_staff_only": false,
                "name": "Home",
                "type": "course_info"
            },
            {
                "course_staff_only": false,
                "name": "Course",
                "type": "courseware"
            },
            {
                "course_staff_only": false,
                "name": "Videos",
                "type": "static_tab",
                "url_slug": "8ed53c478e6f4f07b96fcccd9fed660a"
            },
            {
                "course_staff_only": false,
                "name": "Discussion",
                "type": "discussion"
            },
            {
                "course_staff_only": false,
                "name": "Wiki",
                "type": "wiki"
            },
            {
                "course_staff_only": false,
                "name": "Progress",
                "type": "progress"
            },
            {
                "course_staff_only": false,
                "name": "Notes",
                "type": "edxnotes"
            },
            {
                "course_staff_only": false,
                "name": "Textbooks",
                "type": "textbooks"
            }
        ],
        "user_partitions": [
            {
                "active": true,
                "description": "Discussion prompts vs. Dalite questions",
                "groups": [
                    {
                        "id": 407508992,
                        "name": "Dalite",
                        "version": 1
                    },
                    {
                        "id": 876663358,
                        "name": "Discussion",
                        "version": 1
                    }
                ],
                "id": 578405409,
                "name": "Dalite vs Discussion Experiment",
                "parameters": {},
                "scheme": "random",
                "version": 3
            },
            {
                "active": true,
                "description": "Dalite tool versus limited-response problems like Multiple Choice.",
                "groups": [
                    {
                        "id": 1183442849,
                        "name": "Dalite",
                        "version": 1
                    },
                    {
                        "id": 1322073297,
                        "name": "MC",
                        "version": 1
                    }
                ],
                "id": 1217644708,
                "name": "Dalite vs MC Experiment",
                "parameters": {},
                "scheme": "random",
                "version": 3
            }
        ],
        "video_upload_pipeline": {
            "course_video_upload_token": "570cd7f834bb11e6bcd5406c8fb7d690"
        },
        "xml_attributes": {
            "filename": [
                "course/course.xml",
                "course/course.xml"
            ]
        }
    }
}
