<vertical display_name="CG1.2.5_part_0">
  <problem url_name="makeDynamicQuestions.py.arr19.0" />
  <problem url_name="makeDynamicQuestions.py.arr19.1" />
  <problem url_name="makeDynamicQuestions.py.arr19.10" />
  <problem url_name="makeDynamicQuestions.py.arr19.11" />
  <problem url_name="makeDynamicQuestions.py.arr19.12" />
  <problem url_name="makeDynamicQuestions.py.arr19.13" />
  <problem url_name="makeDynamicQuestions.py.arr19.14" />
  <problem url_name="makeDynamicQuestions.py.arr19.15" />
  <problem url_name="makeDynamicQuestions.py.arr19.16" />
  <problem url_name="makeDynamicQuestions.py.arr19.17" />
  <problem url_name="makeDynamicQuestions.py.arr19.18" />
  <problem url_name="makeDynamicQuestions.py.arr19.19" />
  <problem url_name="makeDynamicQuestions.py.arr19.2" />
  <problem url_name="makeDynamicQuestions.py.arr19.3" />
  <problem url_name="makeDynamicQuestions.py.arr19.4" />
  <problem url_name="makeDynamicQuestions.py.arr19.5" />
  <problem url_name="makeDynamicQuestions.py.arr19.6" />
  <problem url_name="makeDynamicQuestions.py.arr19.7" />
  <problem url_name="makeDynamicQuestions.py.arr19.8" />
  <problem url_name="makeDynamicQuestions.py.arr19.9" />
</vertical>
