<vertical display_name="CG1.2.6_part_5">
  <problem url_name="makeDynamicQuestions.py.arr24.1.8" />
  <problem url_name="makeDynamicQuestions.py.arr24.1.9" />
  <problem url_name="makeDynamicQuestions.py.arr24.10" />
  <problem url_name="makeDynamicQuestions.py.arr24.11" />
  <problem url_name="makeDynamicQuestions.py.arr24.12" />
  <problem url_name="makeDynamicQuestions.py.arr24.13" />
  <problem url_name="makeDynamicQuestions.py.arr24.14" />
  <problem url_name="makeDynamicQuestions.py.arr24.15" />
  <problem url_name="makeDynamicQuestions.py.arr24.16" />
  <problem url_name="makeDynamicQuestions.py.arr24.17" />
  <problem url_name="makeDynamicQuestions.py.arr24.18" />
  <problem url_name="makeDynamicQuestions.py.arr24.19" />
  <problem url_name="makeDynamicQuestions.py.arr24.2" />
  <problem url_name="makeDynamicQuestions.py.arr24.2.0" />
  <problem url_name="makeDynamicQuestions.py.arr24.2.1" />
  <problem url_name="makeDynamicQuestions.py.arr24.2.10" />
  <problem url_name="makeDynamicQuestions.py.arr24.2.11" />
  <problem url_name="makeDynamicQuestions.py.arr24.2.12" />
  <problem url_name="makeDynamicQuestions.py.arr24.2.2" />
  <problem url_name="makeDynamicQuestions.py.arr24.2.3" />
</vertical>
