<vertical display_name="CG1.2.3_part_0">
  <problem url_name="makeDynamicQuestions.py.arr17.0" />
  <problem url_name="makeDynamicQuestions.py.arr17.1" />
  <problem url_name="makeDynamicQuestions.py.arr17.10" />
  <problem url_name="makeDynamicQuestions.py.arr17.11" />
  <problem url_name="makeDynamicQuestions.py.arr17.12" />
  <problem url_name="makeDynamicQuestions.py.arr17.13" />
  <problem url_name="makeDynamicQuestions.py.arr17.14" />
  <problem url_name="makeDynamicQuestions.py.arr17.15" />
  <problem url_name="makeDynamicQuestions.py.arr17.16" />
  <problem url_name="makeDynamicQuestions.py.arr17.17" />
  <problem url_name="makeDynamicQuestions.py.arr17.18" />
  <problem url_name="makeDynamicQuestions.py.arr17.19" />
  <problem url_name="makeDynamicQuestions.py.arr17.2" />
  <problem url_name="makeDynamicQuestions.py.arr17.3" />
  <problem url_name="makeDynamicQuestions.py.arr17.4" />
  <problem url_name="makeDynamicQuestions.py.arr17.5" />
  <problem url_name="makeDynamicQuestions.py.arr17.6" />
  <problem url_name="makeDynamicQuestions.py.arr17.7" />
  <problem url_name="makeDynamicQuestions.py.arr17.8" />
  <problem url_name="makeDynamicQuestions.py.arr17.9" />
</vertical>
