<vertical display_name="CG1.2.6_part_0">
  <problem url_name="makeDynamicQuestions.py.arr20.0" />
  <problem url_name="makeDynamicQuestions.py.arr20.1" />
  <problem url_name="makeDynamicQuestions.py.arr20.10" />
  <problem url_name="makeDynamicQuestions.py.arr20.11" />
  <problem url_name="makeDynamicQuestions.py.arr20.12" />
  <problem url_name="makeDynamicQuestions.py.arr20.13" />
  <problem url_name="makeDynamicQuestions.py.arr20.14" />
  <problem url_name="makeDynamicQuestions.py.arr20.15" />
  <problem url_name="makeDynamicQuestions.py.arr20.16" />
  <problem url_name="makeDynamicQuestions.py.arr20.17" />
  <problem url_name="makeDynamicQuestions.py.arr20.18" />
  <problem url_name="makeDynamicQuestions.py.arr20.19" />
  <problem url_name="makeDynamicQuestions.py.arr20.2" />
  <problem url_name="makeDynamicQuestions.py.arr20.3" />
  <problem url_name="makeDynamicQuestions.py.arr20.4" />
  <problem url_name="makeDynamicQuestions.py.arr20.5" />
  <problem url_name="makeDynamicQuestions.py.arr20.6" />
  <problem url_name="makeDynamicQuestions.py.arr20.7" />
  <problem url_name="makeDynamicQuestions.py.arr20.8" />
  <problem url_name="makeDynamicQuestions.py.arr20.9" />
</vertical>
