<vertical display_name="CG1.2.1_part_0">
  <problem url_name="makeDynamicQuestions.py.arr14.0" />
  <problem url_name="makeDynamicQuestions.py.arr14.1" />
  <problem url_name="makeDynamicQuestions.py.arr14.10" />
  <problem url_name="makeDynamicQuestions.py.arr14.11" />
  <problem url_name="makeDynamicQuestions.py.arr14.12" />
  <problem url_name="makeDynamicQuestions.py.arr14.13" />
  <problem url_name="makeDynamicQuestions.py.arr14.14" />
  <problem url_name="makeDynamicQuestions.py.arr14.15" />
  <problem url_name="makeDynamicQuestions.py.arr14.16" />
  <problem url_name="makeDynamicQuestions.py.arr14.17" />
  <problem url_name="makeDynamicQuestions.py.arr14.18" />
  <problem url_name="makeDynamicQuestions.py.arr14.19" />
  <problem url_name="makeDynamicQuestions.py.arr14.2" />
  <problem url_name="makeDynamicQuestions.py.arr14.3" />
  <problem url_name="makeDynamicQuestions.py.arr14.4" />
  <problem url_name="makeDynamicQuestions.py.arr14.5" />
  <problem url_name="makeDynamicQuestions.py.arr14.6" />
  <problem url_name="makeDynamicQuestions.py.arr14.7" />
  <problem url_name="makeDynamicQuestions.py.arr14.8" />
  <problem url_name="makeDynamicQuestions.py.arr14.9" />
</vertical>
