<vertical display_name="CG1.1.2_part_1">
  <problem url_name="makeDynamicQuestions.py.arr6.0" />
  <problem url_name="makeDynamicQuestions.py.arr6.1" />
  <problem url_name="makeDynamicQuestions.py.arr6.10" />
  <problem url_name="makeDynamicQuestions.py.arr6.11" />
  <problem url_name="makeDynamicQuestions.py.arr6.12" />
  <problem url_name="makeDynamicQuestions.py.arr6.13" />
  <problem url_name="makeDynamicQuestions.py.arr6.14" />
  <problem url_name="makeDynamicQuestions.py.arr6.15" />
  <problem url_name="makeDynamicQuestions.py.arr6.16" />
  <problem url_name="makeDynamicQuestions.py.arr6.17" />
  <problem url_name="makeDynamicQuestions.py.arr6.18" />
  <problem url_name="makeDynamicQuestions.py.arr6.19" />
  <problem url_name="makeDynamicQuestions.py.arr6.2" />
  <problem url_name="makeDynamicQuestions.py.arr6.3" />
  <problem url_name="makeDynamicQuestions.py.arr6.4" />
  <problem url_name="makeDynamicQuestions.py.arr6.5" />
  <problem url_name="makeDynamicQuestions.py.arr6.6" />
  <problem url_name="makeDynamicQuestions.py.arr6.7" />
  <problem url_name="makeDynamicQuestions.py.arr6.8" />
  <problem url_name="makeDynamicQuestions.py.arr6.9" />
</vertical>
