<vertical display_name="CG1.2.6_part_6">
  <problem url_name="makeDynamicQuestions.py.arr24.2.4" />
  <problem url_name="makeDynamicQuestions.py.arr24.2.5" />
  <problem url_name="makeDynamicQuestions.py.arr24.2.6" />
  <problem url_name="makeDynamicQuestions.py.arr24.2.7" />
  <problem url_name="makeDynamicQuestions.py.arr24.2.8" />
  <problem url_name="makeDynamicQuestions.py.arr24.2.9" />
  <problem url_name="makeDynamicQuestions.py.arr24.3" />
  <problem url_name="makeDynamicQuestions.py.arr24.4" />
  <problem url_name="makeDynamicQuestions.py.arr24.5" />
  <problem url_name="makeDynamicQuestions.py.arr24.6" />
  <problem url_name="makeDynamicQuestions.py.arr24.7" />
  <problem url_name="makeDynamicQuestions.py.arr24.8" />
  <problem url_name="makeDynamicQuestions.py.arr24.9" />
</vertical>
