<vertical display_name="CG1.2.4_part_0">
  <problem url_name="makeDynamicQuestions.py.arr18.0" />
  <problem url_name="makeDynamicQuestions.py.arr18.1" />
  <problem url_name="makeDynamicQuestions.py.arr18.10" />
  <problem url_name="makeDynamicQuestions.py.arr18.11" />
  <problem url_name="makeDynamicQuestions.py.arr18.12" />
  <problem url_name="makeDynamicQuestions.py.arr18.13" />
  <problem url_name="makeDynamicQuestions.py.arr18.14" />
  <problem url_name="makeDynamicQuestions.py.arr18.15" />
  <problem url_name="makeDynamicQuestions.py.arr18.16" />
  <problem url_name="makeDynamicQuestions.py.arr18.17" />
  <problem url_name="makeDynamicQuestions.py.arr18.18" />
  <problem url_name="makeDynamicQuestions.py.arr18.19" />
  <problem url_name="makeDynamicQuestions.py.arr18.2" />
  <problem url_name="makeDynamicQuestions.py.arr18.3" />
  <problem url_name="makeDynamicQuestions.py.arr18.4" />
  <problem url_name="makeDynamicQuestions.py.arr18.5" />
  <problem url_name="makeDynamicQuestions.py.arr18.6" />
  <problem url_name="makeDynamicQuestions.py.arr18.7" />
  <problem url_name="makeDynamicQuestions.py.arr18.8" />
  <problem url_name="makeDynamicQuestions.py.arr18.9" />
</vertical>
