<vertical display_name="CG1.1.2_part_0">
  <problem url_name="makeDynamicQuestions.py.arr5.0" />
  <problem url_name="makeDynamicQuestions.py.arr5.1" />
  <problem url_name="makeDynamicQuestions.py.arr5.10" />
  <problem url_name="makeDynamicQuestions.py.arr5.11" />
  <problem url_name="makeDynamicQuestions.py.arr5.12" />
  <problem url_name="makeDynamicQuestions.py.arr5.13" />
  <problem url_name="makeDynamicQuestions.py.arr5.14" />
  <problem url_name="makeDynamicQuestions.py.arr5.15" />
  <problem url_name="makeDynamicQuestions.py.arr5.16" />
  <problem url_name="makeDynamicQuestions.py.arr5.17" />
  <problem url_name="makeDynamicQuestions.py.arr5.18" />
  <problem url_name="makeDynamicQuestions.py.arr5.19" />
  <problem url_name="makeDynamicQuestions.py.arr5.2" />
  <problem url_name="makeDynamicQuestions.py.arr5.3" />
  <problem url_name="makeDynamicQuestions.py.arr5.4" />
  <problem url_name="makeDynamicQuestions.py.arr5.5" />
  <problem url_name="makeDynamicQuestions.py.arr5.6" />
  <problem url_name="makeDynamicQuestions.py.arr5.7" />
  <problem url_name="makeDynamicQuestions.py.arr5.8" />
  <problem url_name="makeDynamicQuestions.py.arr5.9" />
</vertical>
