<vertical display_name="CG1.2.6_part_4">
  <problem url_name="makeDynamicQuestions.py.arr24.0" />
  <problem url_name="makeDynamicQuestions.py.arr24.1" />
  <problem url_name="makeDynamicQuestions.py.arr24.1.0" />
  <problem url_name="makeDynamicQuestions.py.arr24.1.1" />
  <problem url_name="makeDynamicQuestions.py.arr24.1.10" />
  <problem url_name="makeDynamicQuestions.py.arr24.1.11" />
  <problem url_name="makeDynamicQuestions.py.arr24.1.12" />
  <problem url_name="makeDynamicQuestions.py.arr24.1.13" />
  <problem url_name="makeDynamicQuestions.py.arr24.1.14" />
  <problem url_name="makeDynamicQuestions.py.arr24.1.15" />
  <problem url_name="makeDynamicQuestions.py.arr24.1.16" />
  <problem url_name="makeDynamicQuestions.py.arr24.1.17" />
  <problem url_name="makeDynamicQuestions.py.arr24.1.18" />
  <problem url_name="makeDynamicQuestions.py.arr24.1.19" />
  <problem url_name="makeDynamicQuestions.py.arr24.1.2" />
  <problem url_name="makeDynamicQuestions.py.arr24.1.3" />
  <problem url_name="makeDynamicQuestions.py.arr24.1.4" />
  <problem url_name="makeDynamicQuestions.py.arr24.1.5" />
  <problem url_name="makeDynamicQuestions.py.arr24.1.6" />
  <problem url_name="makeDynamicQuestions.py.arr24.1.7" />
</vertical>
