<vertical display_name="CG1.2.2_part_0">
  <problem url_name="makeDynamicQuestions.py.arr15.0" />
  <problem url_name="makeDynamicQuestions.py.arr15.1" />
  <problem url_name="makeDynamicQuestions.py.arr15.10" />
  <problem url_name="makeDynamicQuestions.py.arr15.11" />
  <problem url_name="makeDynamicQuestions.py.arr15.12" />
  <problem url_name="makeDynamicQuestions.py.arr15.13" />
  <problem url_name="makeDynamicQuestions.py.arr15.14" />
  <problem url_name="makeDynamicQuestions.py.arr15.15" />
  <problem url_name="makeDynamicQuestions.py.arr15.16" />
  <problem url_name="makeDynamicQuestions.py.arr15.17" />
  <problem url_name="makeDynamicQuestions.py.arr15.18" />
  <problem url_name="makeDynamicQuestions.py.arr15.19" />
  <problem url_name="makeDynamicQuestions.py.arr15.2" />
  <problem url_name="makeDynamicQuestions.py.arr15.3" />
  <problem url_name="makeDynamicQuestions.py.arr15.4" />
  <problem url_name="makeDynamicQuestions.py.arr15.5" />
  <problem url_name="makeDynamicQuestions.py.arr15.6" />
  <problem url_name="makeDynamicQuestions.py.arr15.7" />
  <problem url_name="makeDynamicQuestions.py.arr15.8" />
  <problem url_name="makeDynamicQuestions.py.arr15.9" />
</vertical>
