<vertical display_name="CG1.1.6_part_2">
  <problem url_name="makeDynamicQuestions.py.arr13.0" />
  <problem url_name="makeDynamicQuestions.py.arr13.1" />
  <problem url_name="makeDynamicQuestions.py.arr13.10" />
  <problem url_name="makeDynamicQuestions.py.arr13.11" />
  <problem url_name="makeDynamicQuestions.py.arr13.12" />
  <problem url_name="makeDynamicQuestions.py.arr13.13" />
  <problem url_name="makeDynamicQuestions.py.arr13.14" />
  <problem url_name="makeDynamicQuestions.py.arr13.15" />
  <problem url_name="makeDynamicQuestions.py.arr13.16" />
  <problem url_name="makeDynamicQuestions.py.arr13.17" />
  <problem url_name="makeDynamicQuestions.py.arr13.18" />
  <problem url_name="makeDynamicQuestions.py.arr13.19" />
  <problem url_name="makeDynamicQuestions.py.arr13.2" />
  <problem url_name="makeDynamicQuestions.py.arr13.3" />
  <problem url_name="makeDynamicQuestions.py.arr13.4" />
  <problem url_name="makeDynamicQuestions.py.arr13.5" />
  <problem url_name="makeDynamicQuestions.py.arr13.6" />
  <problem url_name="makeDynamicQuestions.py.arr13.7" />
  <problem url_name="makeDynamicQuestions.py.arr13.8" />
  <problem url_name="makeDynamicQuestions.py.arr13.9" />
</vertical>
