<vertical display_name="CG1.2.6_part_2">
  <problem url_name="makeDynamicQuestions.py.arr22.0" />
  <problem url_name="makeDynamicQuestions.py.arr22.1" />
  <problem url_name="makeDynamicQuestions.py.arr22.10" />
  <problem url_name="makeDynamicQuestions.py.arr22.11" />
  <problem url_name="makeDynamicQuestions.py.arr22.12" />
  <problem url_name="makeDynamicQuestions.py.arr22.13" />
  <problem url_name="makeDynamicQuestions.py.arr22.14" />
  <problem url_name="makeDynamicQuestions.py.arr22.15" />
  <problem url_name="makeDynamicQuestions.py.arr22.16" />
  <problem url_name="makeDynamicQuestions.py.arr22.17" />
  <problem url_name="makeDynamicQuestions.py.arr22.18" />
  <problem url_name="makeDynamicQuestions.py.arr22.19" />
  <problem url_name="makeDynamicQuestions.py.arr22.2" />
  <problem url_name="makeDynamicQuestions.py.arr22.3" />
  <problem url_name="makeDynamicQuestions.py.arr22.4" />
  <problem url_name="makeDynamicQuestions.py.arr22.5" />
  <problem url_name="makeDynamicQuestions.py.arr22.6" />
  <problem url_name="makeDynamicQuestions.py.arr22.7" />
  <problem url_name="makeDynamicQuestions.py.arr22.8" />
  <problem url_name="makeDynamicQuestions.py.arr22.9" />
</vertical>
