<vertical display_name="CG1.2.2_part_1">
  <problem url_name="makeDynamicQuestions.py.arr16.0" />
  <problem url_name="makeDynamicQuestions.py.arr16.1" />
  <problem url_name="makeDynamicQuestions.py.arr16.10" />
  <problem url_name="makeDynamicQuestions.py.arr16.11" />
  <problem url_name="makeDynamicQuestions.py.arr16.12" />
  <problem url_name="makeDynamicQuestions.py.arr16.13" />
  <problem url_name="makeDynamicQuestions.py.arr16.14" />
  <problem url_name="makeDynamicQuestions.py.arr16.15" />
  <problem url_name="makeDynamicQuestions.py.arr16.16" />
  <problem url_name="makeDynamicQuestions.py.arr16.17" />
  <problem url_name="makeDynamicQuestions.py.arr16.18" />
  <problem url_name="makeDynamicQuestions.py.arr16.19" />
  <problem url_name="makeDynamicQuestions.py.arr16.2" />
  <problem url_name="makeDynamicQuestions.py.arr16.3" />
  <problem url_name="makeDynamicQuestions.py.arr16.4" />
  <problem url_name="makeDynamicQuestions.py.arr16.5" />
  <problem url_name="makeDynamicQuestions.py.arr16.6" />
  <problem url_name="makeDynamicQuestions.py.arr16.7" />
  <problem url_name="makeDynamicQuestions.py.arr16.8" />
  <problem url_name="makeDynamicQuestions.py.arr16.9" />
</vertical>
