<vertical display_name="CG1.1.6_part_1">
  <problem url_name="makeDynamicQuestions.py.arr11.0" />
  <problem url_name="makeDynamicQuestions.py.arr11.1" />
  <problem url_name="makeDynamicQuestions.py.arr11.10" />
  <problem url_name="makeDynamicQuestions.py.arr11.11" />
  <problem url_name="makeDynamicQuestions.py.arr11.12" />
  <problem url_name="makeDynamicQuestions.py.arr11.13" />
  <problem url_name="makeDynamicQuestions.py.arr11.14" />
  <problem url_name="makeDynamicQuestions.py.arr11.15" />
  <problem url_name="makeDynamicQuestions.py.arr11.16" />
  <problem url_name="makeDynamicQuestions.py.arr11.17" />
  <problem url_name="makeDynamicQuestions.py.arr11.18" />
  <problem url_name="makeDynamicQuestions.py.arr11.19" />
  <problem url_name="makeDynamicQuestions.py.arr11.2" />
  <problem url_name="makeDynamicQuestions.py.arr11.3" />
  <problem url_name="makeDynamicQuestions.py.arr11.4" />
  <problem url_name="makeDynamicQuestions.py.arr11.5" />
  <problem url_name="makeDynamicQuestions.py.arr11.6" />
  <problem url_name="makeDynamicQuestions.py.arr11.7" />
  <problem url_name="makeDynamicQuestions.py.arr11.8" />
  <problem url_name="makeDynamicQuestions.py.arr11.9" />
</vertical>
