<vertical display_name="CG1.2.6_part_3">
  <problem url_name="makeDynamicQuestions.py.arr23.0" />
  <problem url_name="makeDynamicQuestions.py.arr23.1" />
  <problem url_name="makeDynamicQuestions.py.arr23.10" />
  <problem url_name="makeDynamicQuestions.py.arr23.11" />
  <problem url_name="makeDynamicQuestions.py.arr23.12" />
  <problem url_name="makeDynamicQuestions.py.arr23.13" />
  <problem url_name="makeDynamicQuestions.py.arr23.14" />
  <problem url_name="makeDynamicQuestions.py.arr23.15" />
  <problem url_name="makeDynamicQuestions.py.arr23.16" />
  <problem url_name="makeDynamicQuestions.py.arr23.17" />
  <problem url_name="makeDynamicQuestions.py.arr23.18" />
  <problem url_name="makeDynamicQuestions.py.arr23.19" />
  <problem url_name="makeDynamicQuestions.py.arr23.2" />
  <problem url_name="makeDynamicQuestions.py.arr23.3" />
  <problem url_name="makeDynamicQuestions.py.arr23.4" />
  <problem url_name="makeDynamicQuestions.py.arr23.5" />
  <problem url_name="makeDynamicQuestions.py.arr23.6" />
  <problem url_name="makeDynamicQuestions.py.arr23.7" />
  <problem url_name="makeDynamicQuestions.py.arr23.8" />
  <problem url_name="makeDynamicQuestions.py.arr23.9" />
</vertical>
