<vertical display_name="CG1.2.6_part_1">
  <problem url_name="makeDynamicQuestions.py.arr21.0" />
  <problem url_name="makeDynamicQuestions.py.arr21.1" />
  <problem url_name="makeDynamicQuestions.py.arr21.10" />
  <problem url_name="makeDynamicQuestions.py.arr21.11" />
  <problem url_name="makeDynamicQuestions.py.arr21.12" />
  <problem url_name="makeDynamicQuestions.py.arr21.13" />
  <problem url_name="makeDynamicQuestions.py.arr21.14" />
  <problem url_name="makeDynamicQuestions.py.arr21.15" />
  <problem url_name="makeDynamicQuestions.py.arr21.16" />
  <problem url_name="makeDynamicQuestions.py.arr21.17" />
  <problem url_name="makeDynamicQuestions.py.arr21.18" />
  <problem url_name="makeDynamicQuestions.py.arr21.19" />
  <problem url_name="makeDynamicQuestions.py.arr21.2" />
  <problem url_name="makeDynamicQuestions.py.arr21.3" />
  <problem url_name="makeDynamicQuestions.py.arr21.4" />
  <problem url_name="makeDynamicQuestions.py.arr21.5" />
  <problem url_name="makeDynamicQuestions.py.arr21.6" />
  <problem url_name="makeDynamicQuestions.py.arr21.7" />
  <problem url_name="makeDynamicQuestions.py.arr21.8" />
  <problem url_name="makeDynamicQuestions.py.arr21.9" />
</vertical>
