<vertical display_name="CG1.1.6_part_0">
  <problem url_name="makeDynamicQuestions.py.arr10.0" />
  <problem url_name="makeDynamicQuestions.py.arr10.1" />
  <problem url_name="makeDynamicQuestions.py.arr10.10" />
  <problem url_name="makeDynamicQuestions.py.arr10.11" />
  <problem url_name="makeDynamicQuestions.py.arr10.12" />
  <problem url_name="makeDynamicQuestions.py.arr10.13" />
  <problem url_name="makeDynamicQuestions.py.arr10.14" />
  <problem url_name="makeDynamicQuestions.py.arr10.15" />
  <problem url_name="makeDynamicQuestions.py.arr10.16" />
  <problem url_name="makeDynamicQuestions.py.arr10.17" />
  <problem url_name="makeDynamicQuestions.py.arr10.18" />
  <problem url_name="makeDynamicQuestions.py.arr10.19" />
  <problem url_name="makeDynamicQuestions.py.arr10.2" />
  <problem url_name="makeDynamicQuestions.py.arr10.3" />
  <problem url_name="makeDynamicQuestions.py.arr10.4" />
  <problem url_name="makeDynamicQuestions.py.arr10.5" />
  <problem url_name="makeDynamicQuestions.py.arr10.6" />
  <problem url_name="makeDynamicQuestions.py.arr10.7" />
  <problem url_name="makeDynamicQuestions.py.arr10.8" />
  <problem url_name="makeDynamicQuestions.py.arr10.9" />
</vertical>
