{
    "EveryProblemScript.js": {
        "contentType": "application/javascript",
        "content_son": {
            "category": "asset",
            "course": "QMB1",
            "name": "EveryProblemScript.js",
            "org": "HarvardX",
            "revision": null,
            "run": "2T2017",
            "tag": "c4x"
        },
        "displayname": "EveryProblemScript.js",
        "filename": "asset-v1:HarvardX+QMB1+2T2017+type@asset+block@EveryProblemScript.js",
        "import_path": "EveryProblemScript.js",
        "locked": false,
        "thumbnail_location": null
    }
}
